<?xml version="1.0" encoding="UTF-8"?>
<!DOCTYPE hibernate-mapping PUBLIC
	"-//Hibernate/Hibernate Mapping DTD 3.0//EN"
	"http://hibernate.sourceforge.net/hibernate-mapping-3.0.dtd">
<hibernate-mapping package="com.examp.shopping">

	<class name="Category" table="category">
		<id name="id">
			<generator class="identity" />
		</id>
		<property name="name" />
		<set name="product" table="category_product" cascade="save-update">
			<key column="category_id" />
			<many-to-many column="product_id" class="Product" />
		</set>
		
	</class>

	<class name="Product" table="product">
		<id name="id">
			<generator class="identity" />
		</id>
		<property name="name" column="name" />
		<property name="price" />
		<property name="saleprice" />
		<property name="descript" />
		<property name="contents" />
		<property name="saledate" />
		<property name="salecount" />
		<property name="image" />
		<set name="categories" table="category_product" cascade="save-update">
			<key column="product_id" />
			<many-to-many column="category_id" class="Category" />
		
		</set>
	</class>

	<class name="User" table="[user]">
		<id name="id">
			<generator class="identity" />
		</id>
		<property name="userName" />
		<property name="passWord" />
		<property name="realName" />
		<property name="tel" />
		<property name="address" />
		<property name="zip" />
		<property name="email" />
		<one-to-one name="credit_card_account" class="Credit_Card_Account" constrained="true" cascade="all"/>
	</class>

	<class name="Credit_Card_Account" table="credit_card_account">
		<id name="id">
			<generator class="increment" />
		</id>
		<property name="cardNumber" column="card_number" />
		<one-to-one name="user" class="User" ></one-to-one>
	</class>
	
</hibernate-mapping>